{
	"ret": true,
	"data":{
		"hotCities": [{
			"id": 1,
			"spell": "beijing",
			"name": "北京"
		}, {
			"id": 3,
			"spell": "shanghai",
			"name": "上海"
		}, {
			"id": 13,
			"spell": "guangzhou",
			"name": "广州"
		},{
			"id": 18,
			"spell": "hangzhou",
			"name": "杭州"
		}, {
			"id": 44,
			"spell": "wuhan",
			"name": "武汉"
		}, {
			"id": 30,
			"spell": "nanjing",
			"name": "南京"
		}, {
			"id": 47,
			"spell": "xian",
			"name": "西安"
		},{
			"id": 8,
			"spell": "chengdu",
			"name": "成都"
		}],
		"cities": {
			"A": [{
				"id": 62,
				"spell": "anqing",
				"name": "安庆"
			}, {
				"id": 63,
				"spell": "anshan",
				"name": "鞍山"
			}, {
				"id": 64,
				"spell": "anshun",
				"name": "安顺"
			}, {
				"id": 65,
				"spell": "anyang",
				"name": "安阳"
			}, {
				"id": 340,
				"spell": "anji",
				"name": "安吉"
			}, {
				"id": 341,
				"spell": "anning",
				"name": "安宁"
			},{
				"id": 344,
				"spell": "anyi",
				"name": "安义"
			}, {
				"id": 345,
				"spell": "anyuan",
				"name": "安远"
			}],
			"B": [{
				"id": 1,
				"spell": "beijing",
				"name": "北京"
			},{
				"id": 70,
				"spell": "bangbu",
				"name": "蚌埠"
			}, {
				"id": 71,
				"spell": "baoding",
				"name": "保定"
			}, {
				"id": 72,
				"spell": "baoji",
				"name": "宝鸡"
			}, {
				"id": 73,
				"spell": "baoshan",
				"name": "保山"
			}, {
				"id": 74,
				"spell": "baotou",
				"name": "包头"
			}, {
				"id": 78,
				"spell": "beihai",
				"name": "北海"
			}, {
				"id": 79,
				"spell": "benxi",
				"name": "本溪"
			}, {
				"id": 80,
				"spell": "bijie",
				"name": "毕节"
			}, {
				"id": 81,
				"spell": "binzhou",
				"name": "滨州"
			}, {
				"id": 82,
				"spell": "boertala",
				"name": "博尔塔拉"
			}, {
				"id": 83,
				"spell": "bozhou",
				"name": "亳州"
			}, {
				"id": 346,
				"spell": "baoying",
				"name": "宝应"
			}, {
				"id": 349,
				"spell": "binxian",
				"name": "宾县"
			}, {
				"id": 350,
				"spell": "binyang",
				"name": "宾阳"
			}, {
				"id": 351,
				"spell": "bishan",
				"name": "璧山"
			}, {
				"id": 352,
				"spell": "boai",
				"name": "博爱"
			}, {
				"id": 353,
				"spell": "boluo",
				"name": "博罗"
			}, {
				"id": 354,
				"spell": "boxing",
				"name": "博兴"
			}],
			"C": [{
				"id": 2,
				"spell": "chongqing",
				"name": "重庆"
			}, {
				"id": 5,
				"spell": "changchun",
				"name": "长春"
			}, {
				"id": 6,
				"spell": "changsha",
				"name": "长沙"
			}, {
				"id": 7,
				"spell": "changzhou",
				"name": "常州"
			}, {
				"id": 8,
				"spell": "chengdu",
				"name": "成都"
			}, {
				"id": 84,
				"spell": "cangzhou",
				"name": "沧州"
			}, {
				"id": 85,
				"spell": "changde",
				"name": "常德"
			}, {
				"id": 355,
				"spell": "cangnan",
				"name": "苍南"
			}, {
				"id": 356,
				"spell": "cangshan",
				"name": "苍山"
			},{
				"id": 363,
				"spell": "changshan",
				"name": "常山"
			}, {
				"id": 364,
				"spell": "changshu",
				"name": "常熟"
			}, {
				"id": 365,
				"spell": "changtai",
				"name": "长泰"
			}, {
				"id": 366,
				"spell": "changting",
				"name": "长汀"
			}, {
				"id": 367,
				"spell": "changxing",
				"name": "长兴"
			}, {
				"id": 368,
				"spell": "changyi",
				"name": "昌邑"
			}, {
				"id": 369,
				"spell": "chaoan",
				"name": "潮安"
			}, {
				"id": 370,
				"spell": "chenggong",
				"name": "呈贡"
			}, {
				"id": 376,
				"spell": "chongzhou",
				"name": "崇州"
			}, {
				"id": 377,
				"spell": "chunan",
				"name": "淳安"
			}, {
				"id": 378,
				"spell": "cixi",
				"name": "慈溪"
			}, {
				"id": 380,
				"spell": "congyang",
				"name": "枞阳"
			}],
			"D": [{
				"id": 9,
				"spell": "dalian",
				"name": "大连"
			}, {
				"id": 10,
				"spell": "dongguan",
				"name": "东莞"
			}, {
				"id": 99,
				"spell": "dali",
				"name": "大理"
			}, {
				"id": 100,
				"spell": "dandong",
				"name": "丹东"
			}, {
				"id": 101,
				"spell": "daqing",
				"name": "大庆"
			}, {
				"id": 102,
				"spell": "datong",
				"name": "大同"
			}, {
				"id": 103,
				"spell": "daxinganling",
				"name": "大兴安岭"
			}, {
				"id": 104,
				"spell": "dazhou",
				"name": "达州"
			}, {
				"id": 105,
				"spell": "dehong",
				"name": "德宏"
			}, {
				"id": 106,
				"spell": "deyang",
				"name": "德阳"
			}, {
				"id": 107,
				"spell": "dezhou",
				"name": "德州"
			}, {
				"id": 396,
				"spell": "deqing",
				"name": "德清"
			}, {
				"id": 397,
				"spell": "deqing",
				"name": "德庆"
			}, {
				"id": 398,
				"spell": "dexing",
				"name": "德兴"
			}, {
				"id": 399,
				"spell": "dianbai",
				"name": "电白"
			}, {
				"id": 400,
				"spell": "dianjiang",
				"name": "垫江"
			}, {
				"id": 401,
				"spell": "dingnan",
				"name": "定南"
			}, {
				"id": 402,
				"spell": "dingtao",
				"name": "定陶"
			}, {
				"id": 403,
				"spell": "dingyuan",
				"name": "定远"
			}, {
				"id": 404,
				"spell": "donga",
				"name": "东阿"
			}, {
				"id": 405,
				"spell": "donghai",
				"name": "东海"
			}, {
				"id": 416,
				"spell": "dujiangyan",
				"name": "都江堰"
			}],
			"E": [{
				"id": 111,
				"spell": "eerduosi",
				"name": "鄂尔多斯"
			}, {
				"id": 112,
				"spell": "enshi",
				"name": "恩施"
			}, {
				"id": 113,
				"spell": "ezhou",
				"name": "鄂州"
			}, {
				"id": 417,
				"spell": "enping",
				"name": "恩平"
			}],
			"F": [{
				"id": 11,
				"spell": "foshan",
				"name": "佛山"
			}, {
				"id": 12,
				"spell": "fuzhou",
				"name": "福州"
			}, {
				"id": 114,
				"spell": "fangchenggang",
				"name": "防城港"
			}, {
				"id": 115,
				"spell": "fushun",
				"name": "抚顺"
			}, {
				"id": 116,
				"spell": "fuxin",
				"name": "阜新"
			}, {
				"id": 117,
				"spell": "fuyang",
				"name": "阜阳"
			}, {
				"id": 118,
				"spell": "fuzhou",
				"name": "抚州"
			}, {
				"id": 434,
				"spell": "fengyang",
				"name": "凤阳"
			}, {
				"id": 435,
				"spell": "fenyi",
				"name": "分宜"
			}, {
				"id": 436,
				"spell": "fogang",
				"name": "佛冈"
			}, {
				"id": 437,
				"spell": "fuan",
				"name": "福安"
			}, {
				"id": 438,
				"spell": "fuding",
				"name": "福鼎"
			}, {
				"id": 439,
				"spell": "fuliang",
				"name": "浮梁"
			}, {
				"id": 440,
				"spell": "fumin",
				"name": "富民"
			}, {
				"id": 441,
				"spell": "funan",
				"name": "阜南"
			}, {
				"id": 442,
				"spell": "funing",
				"name": "阜宁"
			}, {
				"id": 443,
				"spell": "fuqing",
				"name": "福清"
			}, {
				"id": 444,
				"spell": "fuyang",
				"name": "富阳"
			}],
			"G": [{
				"id": 13,
				"spell": "guangzhou",
				"name": "广州"
			}, {
				"id": 14,
				"spell": "guiyang",
				"name": "贵阳"
			}, {
				"id": 119,
				"spell": "gannan",
				"name": "甘南"
			}, {
				"id": 120,
				"spell": "ganzhou",
				"name": "赣州"
			}, {
				"id": 121,
				"spell": "ganzi",
				"name": "甘孜"
			}, {
				"id": 122,
				"spell": "guangan",
				"name": "广安"
			}, {
				"id": 123,
				"spell": "guangyuan",
				"name": "广元"
			}, {
				"id": 124,
				"spell": "guigang",
				"name": "贵港"
			}, {
				"id": 125,
				"spell": "guilin",
				"name": "桂林"
			},{
				"id": 457,
				"spell": "gaoyou",
				"name": "高邮"
			}, {
				"id": 458,
				"spell": "gaozhou",
				"name": "高州"
			}, {
				"id": 459,
				"spell": "gongyi",
				"name": "巩义"
			}, {
				"id": 460,
				"spell": "guangchang",
				"name": "广昌"
			}, {
				"id": 461,
				"spell": "guangde",
				"name": "广德"
			}, {
				"id": 462,
				"spell": "guangfeng",
				"name": "广丰"
			}, {
				"id": 463,
				"spell": "guangning",
				"name": "广宁"
			}, {
				"id": 471,
				"spell": "guzhen",
				"name": "固镇"
			}],
			"H": [{
				"id": 15,
				"spell": "haerbin",
				"name": "哈尔滨"
			}, {
				"id": 16,
				"spell": "haikou",
				"name": "海口"
			}, {
				"id": 17,
				"spell": "handan",
				"name": "邯郸"
			}, {
				"id": 18,
				"spell": "hangzhou",
				"name": "杭州"
			}, {
				"id": 19,
				"spell": "hefei",
				"name": "合肥"
			}, {
				"id": 20,
				"spell": "huizhou",
				"name": "惠州"
			}, {
				"id": 128,
				"spell": "haibei",
				"name": "海北"
			}, {
				"id": 129,
				"spell": "haidong",
				"name": "海东"
			}, {
				"id": 130,
				"spell": "hainan",
				"name": "海南"
			}, {
				"id": 131,
				"spell": "haixi",
				"name": "海西"
			}, {
				"id": 132,
				"spell": "hami",
				"name": "哈密"
			}, {
				"id": 145,
				"spell": "huaian",
				"name": "淮安"
			}, {
				"id": 146,
				"spell": "huaibei",
				"name": "淮北"
			}, {
				"id": 147,
				"spell": "huaihua",
				"name": "怀化"
			}, {
				"id": 148,
				"spell": "huainan",
				"name": "淮南"
			}, {
				"id": 149,
				"spell": "huanggang",
				"name": "黄冈"
			}, {
				"id": 150,
				"spell": "huangnan",
				"name": "黄南"
			}, {
				"id": 151,
				"spell": "huangshan",
				"name": "黄山"
			}, {
				"id": 152,
				"spell": "huangshi",
				"name": "黄石"
			}, {
				"id": 153,
				"spell": "huhehaote",
				"name": "呼和浩特"
			}, {
				"id": 502,
				"spell": "huxian",
				"name": "户县"
			}],
			"J": [{
				"id": 21,
				"spell": "jiaozuo",
				"name": "焦作"
			}, {
				"id": 22,
				"spell": "jiaxing",
				"name": "嘉兴"
			}, {
				"id": 23,
				"spell": "jilin",
				"name": "吉林"
			}, {
				"id": 24,
				"spell": "jinan",
				"name": "济南"
			}, {
				"id": 157,
				"spell": "jiamusi",
				"name": "佳木斯"
			}, {
				"id": 158,
				"spell": "jiangmen",
				"name": "江门"
			}, {
				"id": 159,
				"spell": "jian",
				"name": "吉安"
			}, {
				"id": 160,
				"spell": "jiayuguan",
				"name": "嘉峪关"
			}, {
				"id": 161,
				"spell": "jieyang",
				"name": "揭阳"
			}, {
				"id": 162,
				"spell": "jinchang",
				"name": "金昌"
			}, {
				"id": 163,
				"spell": "jincheng",
				"name": "晋城"
			}, {
				"id": 164,
				"spell": "jingdezhen",
				"name": "景德镇"
			}, {
				"id": 165,
				"spell": "jingmen",
				"name": "荆门"
			}, {
				"id": 166,
				"spell": "jingzhou",
				"name": "荆州"
			}, {
				"id": 167,
				"spell": "jinhua",
				"name": "金华"
			}, {
				"id": 168,
				"spell": "jining",
				"name": "济宁"
			}, {
				"id": 507,
				"spell": "jiangshan",
				"name": "江山"
			}, {
				"id": 508,
				"spell": "jiangyan",
				"name": "姜堰"
			}, {
				"id": 509,
				"spell": "jiangyin",
				"name": "江阴"
			}, {
				"id": 510,
				"spell": "jianhu",
				"name": "建湖"
			}, {
				"id": 511,
				"spell": "jianning",
				"name": "建宁"
			}, {
				"id": 522,
				"spell": "jieshou",
				"name": "界首"
			}, {
				"id": 523,
				"spell": "jiexi",
				"name": "揭西"
			}, {
				"id": 524,
				"spell": "jimo",
				"name": "即墨"
			}, {
				"id": 525,
				"spell": "jingan",
				"name": "靖安"
			}, {
				"id": 526,
				"spell": "jingde",
				"name": "旌德"
			}, {
				"id": 527,
				"spell": "jinggangshan",
				"name": "井冈山"
			}, {
				"id": 528,
				"spell": "jingjiang",
				"name": "靖江"
			}, {
				"id": 529,
				"spell": "jingning",
				"name": "景宁"
			}, {
				"id": 544,
				"spell": "jishui",
				"name": "吉水"
			}, {
				"id": 545,
				"spell": "jiujiang",
				"name": "九江"
			}, {
				"id": 546,
				"spell": "jiutai",
				"name": "九台"
			}, {
				"id": 547,
				"spell": "jixi",
				"name": "绩溪"
			}, {
				"id": 548,
				"spell": "jiyang",
				"name": "济阳"
			}, {
				"id": 554,
				"spell": "juye",
				"name": "巨野"
			}],
			"K": [{
				"id": 25,
				"spell": "kunming",
				"name": "昆明"
			}, {
				"id": 174,
				"spell": "kaifeng",
				"name": "开封"
			}, {
				"id": 175,
				"spell": "kashidi",
				"name": "喀什地"
			}, {
				"id": 176,
				"spell": "kelamayi",
				"name": "克拉玛依"
			}, {
				"id": 560,
				"spell": "kenli",
				"name": "垦利"
			}, {
				"id": 561,
				"spell": "kunshan",
				"name": "昆山"
			}],
			"L": [{
				"id": 26,
				"spell": "lanzhou",
				"name": "兰州"
			}, {
				"id": 27,
				"spell": "liuzhou",
				"name": "柳州"
			}, {
				"id": 28,
				"spell": "luoyang",
				"name": "洛阳"
			}, {
				"id": 178,
				"spell": "laibin",
				"name": "来宾"
			}, {
				"id": 179,
				"spell": "laiwu",
				"name": "莱芜"
			}, {
				"id": 180,
				"spell": "langfang",
				"name": "廊坊"
			}, {
				"id": 181,
				"spell": "lasa",
				"name": "拉萨"
			}, {
				"id": 182,
				"spell": "leshan",
				"name": "乐山"
			}, {
				"id": 193,
				"spell": "linzhi",
				"name": "林芝"
			}, {
				"id": 194,
				"spell": "lishui",
				"name": "丽水"
			}, {
				"id": 195,
				"spell": "liuan",
				"name": "六安"
			}, {
				"id": 196,
				"spell": "liupanshui",
				"name": "六盘水"
			}, {
				"id": 574,
				"spell": "leqing",
				"name": "乐清"
			}, {
				"id": 575,
				"spell": "leting",
				"name": "乐亭"
			}, {
				"id": 576,
				"spell": "liancheng",
				"name": "连城"
			}, {
				"id": 577,
				"spell": "liangping",
				"name": "梁平"
			}, {
				"id": 578,
				"spell": "liangshan",
				"name": "梁山"
			}, {
				"id": 579,
				"spell": "lianhua",
				"name": "莲花"
			}, {
				"id": 580,
				"spell": "lianjiang",
				"name": "连江"
			}, {
				"id": 581,
				"spell": "lianjiang",
				"name": "廉江"
			}, {
				"id": 627,
				"spell": "luzhai",
				"name": "鹿寨"
			}],
			"M": [{
				"id": 203,
				"spell": "maanshan",
				"name": "马鞍山"
			}, {
				"id": 204,
				"spell": "maoming",
				"name": "茂名"
			}, {
				"id": 205,
				"spell": "meishan",
				"name": "眉山"
			}, {
				"id": 635,
				"spell": "mingxi",
				"name": "明溪"
			}, {
				"id": 636,
				"spell": "minhou",
				"name": "闽侯"
			}, {
				"id": 637,
				"spell": "minqing",
				"name": "闽清"
			}, {
				"id": 638,
				"spell": "mulan",
				"name": "木兰"
			}],
			"N": [{
				"id": 29,
				"spell": "nanchang",
				"name": "南昌"
			}, {
				"id": 30,
				"spell": "nanjing",
				"name": "南京"
			}, {
				"id": 31,
				"spell": "nanning",
				"name": "南宁"
			}, {
				"id": 32,
				"spell": "nantong",
				"name": "南通"
			}, {
				"id": 33,
				"spell": "ningbo",
				"name": "宁波"
			}, {
				"id": 209,
				"spell": "nanchong",
				"name": "南充"
			}, {
				"id": 210,
				"spell": "nanping",
				"name": "南平"
			}, {
				"id": 211,
				"spell": "nanyang",
				"name": "南阳"
			}, {
				"id": 655,
				"spell": "nongan",
				"name": "农安"
			}],
			"P": [{
				"id": 216,
				"spell": "panjin",
				"name": "盘锦"
			}, {
				"id": 217,
				"spell": "panzhihua",
				"name": "攀枝花"
			}, {
				"id": 218,
				"spell": "pingdingshan",
				"name": "平顶山"
			}, {
				"id": 219,
				"spell": "pingliang",
				"name": "平凉"
			}, {
				"id": 681,
				"spell": "puning",
				"name": "普宁"
			}],
			"Q": [{
				"id": 34,
				"spell": "qingdao",
				"name": "青岛"
			}, {
				"id": 35,
				"spell": "quanzhou",
				"name": "泉州"
			}, {
				"id": 224,
				"spell": "qiandong",
				"name": "黔东"
			}, {
				"id": 225,
				"spell": "qiannan",
				"name": "黔南"
			}, {
				"id": 226,
				"spell": "qianxinan",
				"name": "黔西南"
			}, {
				"id": 227,
				"spell": "qingyang",
				"name": "庆阳"
			}, {
				"id": 228,
				"spell": "qingyuan",
				"name": "清远"
			}, {
				"id": 229,
				"spell": "qinhuangdao",
				"name": "秦皇岛"
			}, {
				"id": 231,
				"spell": "qiqihaer",
				"name": "齐齐哈尔"
			}, {
				"id": 691,
				"spell": "qingtian",
				"name": "青田"
			}, {
				"id": 692,
				"spell": "qingxin",
				"name": "清新"
			}, {
				"id": 693,
				"spell": "qingyang",
				"name": "青阳"
			}, {
				"id": 694,
				"spell": "qingyuan",
				"name": "庆元"
			}, {
				"id": 695,
				"spell": "qingyun",
				"name": "庆云"
			}, {
				"id": 704,
				"spell": "qujiang",
				"name": "曲江"
			}],
			"R": [{
				"id": 235,
				"spell": "rikaze",
				"name": "日喀则"
			}, {
				"id": 236,
				"spell": "rizhao",
				"name": "日照"
			}, {
				"id": 713,
				"spell": "ruian",
				"name": "瑞安"
			}, {
				"id": 714,
				"spell": "ruichang",
				"name": "瑞昌"
			}, {
				"id": 715,
				"spell": "ruijin",
				"name": "瑞金"
			}, {
				"id": 716,
				"spell": "rushan",
				"name": "乳山"
			}, {
				"id": 717,
				"spell": "ruyang",
				"name": "汝阳"
			}, {
				"id": 718,
				"spell": "ruyuan",
				"name": "乳源"
			}],
			"S": [{
				"id": 3,
				"spell": "shanghai",
				"name": "上海"
			}, {
				"id": 36,
				"spell": "shenyang",
				"name": "沈阳"
			}, {
				"id": 37,
				"spell": "shenzhen",
				"name": "深圳"
			}, {
				"id": 38,
				"spell": "shijiazhuang",
				"name": "石家庄"
			}, {
				"id": 39,
				"spell": "suzhou",
				"name": "苏州"
			}, {
				"id": 237,
				"spell": "sanmenxia",
				"name": "三门峡"
			}, {
				"id": 238,
				"spell": "sanming",
				"name": "三明"
			}, {
				"id": 239,
				"spell": "sanya",
				"name": "三亚"
			}, {
				"id": 241,
				"spell": "shangqiu",
				"name": "商丘"
			}, {
				"id": 242,
				"spell": "shangrao",
				"name": "上饶"
			}, {
				"id": 247,
				"spell": "shaoxing",
				"name": "绍兴"
			}, {
				"id": 249,
				"spell": "shiyan",
				"name": "十堰"
			}, {
				"id": 769,
				"spell": "susong",
				"name": "宿松"
			}, {
				"id": 770,
				"spell": "suyu",
				"name": "宿豫"
			}],
			"T": [{
				"id": 4,
				"spell": "tianjin",
				"name": "天津"
			}, {
				"id": 40,
				"spell": "taizhou",
				"name": "台州"
			}, {
				"id": 41,
				"spell": "tangshan",
				"name": "唐山"
			}, {
				"id": 261,
				"spell": "taian",
				"name": "泰安"
			}, {
				"id": 262,
				"spell": "taiyuan",
				"name": "太原"
			}, {
				"id": 263,
				"spell": "taizhou",
				"name": "泰州"
			}, {
				"id": 264,
				"spell": "tianshui",
				"name": "天水"
			}, {
				"id": 265,
				"spell": "tieling",
				"name": "铁岭"
			}, {
				"id": 792,
				"spell": "tongxiang",
				"name": "桐乡"
			}, {
				"id": 793,
				"spell": "tongzhou",
				"name": "通州"
			}],
			"W": [{
				"id": 42,
				"spell": "weifang",
				"name": "潍坊"
			}, {
				"id": 43,
				"spell": "weihai",
				"name": "威海"
			}, {
				"id": 44,
				"spell": "wuhan",
				"name": "武汉"
			}, {
				"id": 45,
				"spell": "wuxi",
				"name": "无锡"
			}, {
				"id": 272,
				"spell": "weinan",
				"name": "渭南"
			}, {
				"id": 274,
				"spell": "wenzhou",
				"name": "温州"
			}, {
				"id": 825,
				"spell": "wuyi",
				"name": "武义"
			}, {
				"id": 826,
				"spell": "wuyishan",
				"name": "武夷山"
			}, {
				"id": 827,
				"spell": "wuyuan",
				"name": "婺源"
			}, {
				"id": 828,
				"spell": "wuzhi",
				"name": "武陟"
			}],
			"X": [{
				"id": 46,
				"spell": "xiamen",
				"name": "厦门"
			}, {
				"id": 47,
				"spell": "xian",
				"name": "西安"
			}, {
				"id": 48,
				"spell": "xuchang",
				"name": "许昌"
			}, {
				"id": 49,
				"spell": "xuzhou",
				"name": "徐州"
			}, {
				"id": 291,
				"spell": "xining",
				"name": "西宁"
			}, {
				"id": 292,
				"spell": "xinxiang",
				"name": "新乡"
			}, {
				"id": 293,
				"spell": "xinyang",
				"name": "信阳"
			}, {
				"id": 867,
				"spell": "xuwen",
				"name": "徐闻"
			}, {
				"id": 868,
				"spell": "xuyi",
				"name": "盱眙"
			}],
			"Y": [{
				"id": 50,
				"spell": "yangzhou",
				"name": "扬州"
			}, {
				"id": 51,
				"spell": "yantai",
				"name": "烟台"
			}, {
				"id": 298,
				"spell": "yaan",
				"name": "雅安"
			}, {
				"id": 299,
				"spell": "yanan",
				"name": "延安"
			}, {
				"id": 300,
				"spell": "yanbian",
				"name": "延边"
			}, {
				"id": 301,
				"spell": "yancheng",
				"name": "盐城"
			}, {
				"id": 302,
				"spell": "yangjiang",
				"name": "阳江"
			}, {
				"id": 303,
				"spell": "yangquan",
				"name": "阳泉"
			}, {
				"id": 304,
				"spell": "yibin",
				"name": "宜宾"
			}, {
				"id": 305,
				"spell": "yichang",
				"name": "宜昌"
			}, {
				"id": 306,
				"spell": "yichun",
				"name": "伊春"
			}, {
				"id": 307,
				"spell": "yichun",
				"name": "宜春"
			}, {
				"id": 918,
				"spell": "yunan",
				"name": "云安"
			}, {
				"id": 919,
				"spell": "yuncheng",
				"name": "郓城"
			}, {
				"id": 920,
				"spell": "yunhe",
				"name": "云和"
			}, {
				"id": 921,
				"spell": "yunxiao",
				"name": "云霄"
			}, {
				"id": 922,
				"spell": "yunyang",
				"name": "云阳"
			}, {
				"id": 923,
				"spell": "yushan",
				"name": "玉山"
			}, {
				"id": 924,
				"spell": "yushu",
				"name": "榆树"
			}, {
				"id": 928,
				"spell": "yuzhong",
				"name": "榆中"
			}],
			"Z": [{
				"id": 52,
				"spell": "zhangzhou",
				"name": "漳州"
			}, {
				"id": 53,
				"spell": "zhengzhou",
				"name": "郑州"
			}, {
				"id": 54,
				"spell": "zhongshan",
				"name": "中山"
			}, {
				"id": 55,
				"spell": "zhuhai",
				"name": "珠海"
			}, {
				"id": 321,
				"spell": "zaozhuang",
				"name": "枣庄"
			}, {
				"id": 322,
				"spell": "zhangjiajie",
				"name": "张家界"
			}, {
				"id": 323,
				"spell": "zhangjiakou",
				"name": "张家口"
			}, {
				"id": 324,
				"spell": "zhangye",
				"name": "张掖"
			}, {
				"id": 325,
				"spell": "zhanjiang",
				"name": "湛江"
			}, {
				"id": 326,
				"spell": "zhaoqing",
				"name": "肇庆"
			}, {
				"id": 327,
				"spell": "zhaotong",
				"name": "昭通"
			}, {
				"id": 328,
				"spell": "zhenjiang",
				"name": "镇江"
			}, {
				"id": 329,
				"spell": "zhongwei",
				"name": "中卫"
			}, {
				"id": 330,
				"spell": "zhoukou",
				"name": "周口"
			}, {
				"id": 331,
				"spell": "zhoushan",
				"name": "舟山"
			}, {
				"id": 332,
				"spell": "zhumadian",
				"name": "驻马店"
			}, {
				"id": 333,
				"spell": "zhuzhou",
				"name": "株洲"
			}, {
				"id": 334,
				"spell": "zibo",
				"name": "淄博"
			}, {
				"id": 335,
				"spell": "zigong",
				"name": "自贡"
			}, {
				"id": 336,
				"spell": "ziyang",
				"name": "资阳"
			}, {
				"id": 337,
				"spell": "zunyi",
				"name": "遵义"
			}, {
				"id": 929,
				"spell": "zanhuang",
				"name": "赞皇"
			}, {
				"id": 930,
				"spell": "zengcheng",
				"name": "增城"
			}, {
				"id": 931,
				"spell": "zhangjiagang",
				"name": "张家港"
			}, {
				"id": 932,
				"spell": "zhangping",
				"name": "漳平"
			}, {
				"id": 933,
				"spell": "zhangpu",
				"name": "漳浦"
			}, {
				"id": 934,
				"spell": "zhangqiu",
				"name": "章丘"
			}, {
				"id": 935,
				"spell": "zhangshu",
				"name": "樟树"
			}, {
				"id": 936,
				"spell": "zhanhua",
				"name": "沾化"
			}, {
				"id": 937,
				"spell": "zhaoxian",
				"name": "赵县"
			}, {
				"id": 938,
				"spell": "zhaoyuan",
				"name": "招远"
			}, {
				"id": 939,
				"spell": "zhengding",
				"name": "正定"
			}, {
				"id": 940,
				"spell": "zhenghe",
				"name": "政和"
			}, {
				"id": 941,
				"spell": "zherong",
				"name": "柘荣"
			}, {
				"id": 942,
				"spell": "zhongmou",
				"name": "中牟"
			}, {
				"id": 943,
				"spell": "zhongxian",
				"name": "忠县"
			}, {
				"id": 944,
				"spell": "zhouning",
				"name": "周宁"
			}, {
				"id": 945,
				"spell": "zhouzhi",
				"name": "周至"
			}, {
				"id": 946,
				"spell": "zhuanghe",
				"name": "庄河"
			}, {
				"id": 947,
				"spell": "zhucheng",
				"name": "诸城"
			}, {
				"id": 948,
				"spell": "zhuji",
				"name": "诸暨"
			}, {
				"id": 949,
				"spell": "zijin",
				"name": "紫金"
			}, {
				"id": 950,
				"spell": "zixi",
				"name": "资溪"
			}, {
				"id": 951,
				"spell": "zoucheng",
				"name": "邹城"
			}, {
				"id": 952,
				"spell": "zouping",
				"name": "邹平"
			}, {
				"id": 953,
				"spell": "zunhua",
				"name": "遵化"
			}]
		}
	}
}
